course,week,folder,request_name,request_url
ME151815356,Week01,MESH Submissions/ME151815356/Week01,ME151815356 Week01 Assignment PDF,
ME151815356,Week02,MESH Submissions/ME151815356/Week02,ME151815356 Week02 Assignment PDF,
ME151815356,Week03,MESH Submissions/ME151815356/Week03,ME151815356 Week03 Assignment PDF,
ME151815356,Week04,MESH Submissions/ME151815356/Week04,ME151815356 Week04 Assignment PDF,
ME151815356,Week05,MESH Submissions/ME151815356/Week05,ME151815356 Week05 Assignment PDF,
ME151815356,Week06,MESH Submissions/ME151815356/Week06,ME151815356 Week06 Assignment PDF,
ME151815356,Week07,MESH Submissions/ME151815356/Week07,ME151815356 Week07 Assignment PDF,
ME151815356,Week08,MESH Submissions/ME151815356/Week08,ME151815356 Week08 Assignment PDF,
ME151815356,Week09,MESH Submissions/ME151815356/Week09,ME151815356 Week09 Assignment PDF,
ME151815356,Week10,MESH Submissions/ME151815356/Week10,ME151815356 Week10 Assignment PDF,
ME151815356,Week11,MESH Submissions/ME151815356/Week11,ME151815356 Week11 Assignment PDF,
ME151815356,Week12,MESH Submissions/ME151815356/Week12,ME151815356 Week12 Assignment PDF,
ME151815356,Week13,MESH Submissions/ME151815356/Week13,ME151815356 Week13 Assignment PDF,
ME151815356,Week14,MESH Submissions/ME151815356/Week14,ME151815356 Week14 Assignment PDF,
ME151815401,Week01,MESH Submissions/ME151815401/Week01,ME151815401 Week01 Assignment PDF,
ME151815401,Week02,MESH Submissions/ME151815401/Week02,ME151815401 Week02 Assignment PDF,
ME151815401,Week03,MESH Submissions/ME151815401/Week03,ME151815401 Week03 Assignment PDF,
ME151815401,Week04,MESH Submissions/ME151815401/Week04,ME151815401 Week04 Assignment PDF,
ME151815401,Week05,MESH Submissions/ME151815401/Week05,ME151815401 Week05 Assignment PDF,
ME151815401,Week06,MESH Submissions/ME151815401/Week06,ME151815401 Week06 Assignment PDF,
ME151815401,Week07,MESH Submissions/ME151815401/Week07,ME151815401 Week07 Assignment PDF,
ME151815401,Week08,MESH Submissions/ME151815401/Week08,ME151815401 Week08 Assignment PDF,
ME151815401,Week09,MESH Submissions/ME151815401/Week09,ME151815401 Week09 Assignment PDF,
ME151815401,Week10,MESH Submissions/ME151815401/Week10,ME151815401 Week10 Assignment PDF,
ME151815401,Week11,MESH Submissions/ME151815401/Week11,ME151815401 Week11 Assignment PDF,
ME151815401,Week12,MESH Submissions/ME151815401/Week12,ME151815401 Week12 Assignment PDF,
ME151815401,Week13,MESH Submissions/ME151815401/Week13,ME151815401 Week13 Assignment PDF,
ME151815401,Week14,MESH Submissions/ME151815401/Week14,ME151815401 Week14 Assignment PDF,
ME151815402,Week01,MESH Submissions/ME151815402/Week01,ME151815402 Week01 Assignment PDF,
ME151815402,Week02,MESH Submissions/ME151815402/Week02,ME151815402 Week02 Assignment PDF,
ME151815402,Week03,MESH Submissions/ME151815402/Week03,ME151815402 Week03 Assignment PDF,
ME151815402,Week04,MESH Submissions/ME151815402/Week04,ME151815402 Week04 Assignment PDF,
ME151815402,Week05,MESH Submissions/ME151815402/Week05,ME151815402 Week05 Assignment PDF,
ME151815402,Week06,MESH Submissions/ME151815402/Week06,ME151815402 Week06 Assignment PDF,
ME151815402,Week07,MESH Submissions/ME151815402/Week07,ME151815402 Week07 Assignment PDF,
ME151815402,Week08,MESH Submissions/ME151815402/Week08,ME151815402 Week08 Assignment PDF,
ME151815402,Week09,MESH Submissions/ME151815402/Week09,ME151815402 Week09 Assignment PDF,
ME151815402,Week10,MESH Submissions/ME151815402/Week10,ME151815402 Week10 Assignment PDF,
ME151815402,Week11,MESH Submissions/ME151815402/Week11,ME151815402 Week11 Assignment PDF,
ME151815402,Week12,MESH Submissions/ME151815402/Week12,ME151815402 Week12 Assignment PDF,
ME151815402,Week13,MESH Submissions/ME151815402/Week13,ME151815402 Week13 Assignment PDF,
ME151815402,Week14,MESH Submissions/ME151815402/Week14,ME151815402 Week14 Assignment PDF,
